CarID,ModelName,Manufacturer,Year,Color,Price
2,'Mustang GT','Ford',2021,'Blue',45000
3,'Camry','Toyota',2023,'White',30000
4,'Corolla','Toyota',2022,'Black',25000
5,'Civic','Honda',2023,'Silver',28000
6,'Accord','Honda',2022,'Gray',32000
7,'Model 3','Tesla',2023,'Blue',55000
8,'F-150','Ford',2022,'Black',50000
9,'RAV4','Toyota',2023,'Red',35000
10,'Prius','Toyota',2022,'Green',28000
11,'CR-V','Honda',2023,'White',33000
12,'Pilot','Honda',2022,'Black',45000
13,'Model S','Tesla',2023,'White',90000
14,'Explorer','Ford',2022,'Silver',48000
15,'Highlander','Toyota',2023,'Blue',42000
16,'Tacoma','Toyota',2022,'Gray',38000
17,'Odyssey','Honda',2023,'Red',40000
18,'Fit','Honda',2022,'Yellow',22000
19,'Model Y','Tesla',2023,'Black',60000
20,'Escape','Ford',2022,'Green',32000
21,'Sienna','Toyota',2023,'Silver',40000
22,'4Runner','Toyota',2022,'Black',45000
23,'HR-V','Honda',2023,'Blue',28000
24,'Ridgeline','Honda',2022,'White',42000
25,'Cybertruck','Tesla',2023,'Gray',70000
26,'Bronco','Ford',2022,'Orange',55000
27,'Corolla Cross','Toyota',2023,'Red',30000
28,'Supra','Toyota',2022,'Yellow',50000
29,'Passport','Honda',2023,'Black',45000
30,'Clarity','Honda',2022,'Blue',35000
31,'Roadster','Tesla',2023,'Red',200000
32,'Ranger','Ford',2022,'Gray',35000
33,'C-HR','Toyota',2023,'Green',28000
34,'Avalon','Toyota',2022,'White',40000
35,'Insight','Honda',2023,'Silver',32000
36,'Element','Honda',2022,'Orange',25000
37,'Semi','Tesla',2023,'Black',150000
38,'Maverick','Ford',2022,'Blue',30000
39,'Mirai','Toyota',2023,'Gray',50000
40,'Venza','Toyota',2022,'Red',42000
41,'Crosstour','Honda',2023,'White',38000
42,'FCX Clarity','Honda',2022,'Blue',60000
43,'Model C','Tesla',2023,'Green',40000
44,'Edge','Ford',2022,'Black',45000
45,'Sequoia','Toyota',2023,'Silver',60000
46,'Tundra','Toyota',2022,'Red',50000
47,'Legend','Honda',2023,'Black',70000
48,'Acty','Honda',2022,'Yellow',15000
49,'Model Z','Tesla',2023,'Blue',120000