DealerID,DealerName,City,State,ContactPerson,Phone
2,'Golden Motors','Los Angeles','CA','Sarah Lee','234-567-8901'
3,'City Auto','Chicago','IL','Chris Brown','345-678-9012'
4,'Lone Star Cars','Houston','TX','David Smith','456-789-0123'
5,'Desert Auto','Phoenix','AZ','Emily Davis','567-890-1234'
6,'Pacific Motors','San Diego','CA','Olivia Wilson','678-901-2345'
7,'Sunrise Auto','Dallas','TX','Michael Lee','789-012-3456'
8,'Metro Cars','San Jose','CA','Sarah Miller','890-123-4567'
9,'Capital Auto','Austin','TX','David Garcia','901-234-5678'
10,'Ocean Motors','Jacksonville','FL','Laura Martinez','012-345-6789'
11,'Bay Area Auto','San Francisco','CA','James Rodriguez','123-456-7890'
12,'Midwest Motors','Indianapolis','IN','Linda Hernandez','234-567-8901'
13,'Buckeye Auto','Columbus','OH','Robert Smith','345-678-9012'
14,'Lone Star Motors','Fort Worth','TX','Patricia Johnson','456-789-0123'
15,'Queen City Auto','Charlotte','NC','Michael Brown','567-890-1234'
16,'Emerald Motors','Seattle','WA','Elizabeth Jones','678-901-2345'
17,'Mile High Auto','Denver','CO','William Garcia','789-012-3456'
18,'Capital Motors','Washington','DC','Maria Martinez','890-123-4567'
19,'Beantown Auto','Boston','MA','David Davis','901-234-5678'
20,'Sun City Motors','El Paso','TX','Linda Rodriguez','012-345-6789'
21,'Music City Auto','Nashville','TN','Richard Wilson','123-456-7890'
22,'Motor City Motors','Detroit','MI','Jennifer Anderson','234-567-8901'
23,'Rose City Auto','Portland','OR','Joseph Thomas','345-678-9012'
24,'Bluff City Motors','Memphis','TN','Susan Taylor','456-789-0123'
25,'Sooner Auto','Oklahoma City','OK','Thomas Moore','567-890-1234'
26,'Sin City Motors','Las Vegas','NV','Barbara Jackson','678-901-2345'
27,'Bluegrass Auto','Louisville','KY','Charles Martin','789-012-3456'
28,'Charm City Motors','Baltimore','MD','Jessica Lee','890-123-4567'
29,'Brew City Auto','Milwaukee','WI','Christopher Perez','901-234-5678'
30,'Duke City Motors','Albuquerque','NM','Sarah Thompson','012-345-6789'
31,'Old Pueblo Auto','Tucson','AZ','Daniel White','123-456-7890'
32,'Valley Motors','Fresno','CA','Karen Harris','234-567-8901'
33,'River City Auto','Sacramento','CA','Matthew Clark','345-678-9012'
34,'Show-Me Motors','Kansas City','MO','Nancy Lewis','456-789-0123'
35,'Peach State Auto','Atlanta','GA','Anthony Robinson','567-890-1234'
36,'Magic City Motors','Miami','FL','Lisa Walker','678-901-2345'
37,'Tar Heel Auto','Raleigh','NC','Mark Young','789-012-3456'
38,'Cornhusker Motors','Omaha','NE','Betty Allen','890-123-4567'
39,'North Star Auto','Minneapolis','MN','Donald King','901-234-5678'
40,'Oil Capital Motors','Tulsa','OK','Sandra Wright','012-345-6789'
41,'Forest City Auto','Cleveland','OH','Paul Scott','123-456-7890'
42,'Air Capital Motors','Wichita','KS','Emily Green','234-567-8901'
43,'Lone Star Auto','Arlington','TX','George Adams','345-678-9012'
44,'Big Easy Motors','New Orleans','LA','Donna Baker','456-789-0123'
45,'Golden State Auto','Bakersfield','CA','Kevin Gonzalez','567-890-1234'
46,'Sunshine Motors','Tampa','FL','Michelle Nelson','678-901-2345'
47,'Aloha Auto','Honolulu','HI','Edward Carter','789-012-3456'
48,'Orange County Motors','Anaheim','CA','Amanda Mitchell','890-123-4567'
49,'Centennial Auto','Aurora','CO','Brian Perez','901-234-5678'