CustomerID,Name,Email,Phone,City,State
2,'Jane Smith','jane.smith@example.com','234-567-8901','Los Angeles','CA'
3,'Alice Johnson','alice.j@example.com','345-678-9012','Chicago','IL'
4,'Bob Brown','bob.brown@example.com','456-789-0123','Houston','TX'
5,'Charlie Davis','charlie.d@example.com','567-890-1234','Phoenix','AZ'
6,'Emma Wilson','emma.w@example.com','678-901-2345','San Diego','CA'
7,'Michael Lee','michael.lee@example.com','789-012-3456','Dallas','TX'
8,'Sarah Miller','sarah.m@example.com','890-123-4567','San Jose','CA'
9,'David Garcia','david.g@example.com','901-234-5678','Austin','TX'
10,'Laura Martinez','laura.m@example.com','012-345-6789','Jacksonville','FL'
11,'James Rodriguez','james.r@example.com','123-456-7890','San Francisco','CA'
12,'Linda Hernandez','linda.h@example.com','234-567-8901','Indianapolis','IN'
13,'Robert Smith','robert.s@example.com','345-678-9012','Columbus','OH'
14,'Patricia Johnson','patricia.j@example.com','456-789-0123','Fort Worth','TX'
15,'Michael Brown','michael.b@example.com','567-890-1234','Charlotte','NC'
16,'Elizabeth Jones','elizabeth.j@example.com','678-901-2345','Seattle','WA'
17,'William Garcia','william.g@example.com','789-012-3456','Denver','CO'
18,'Maria Martinez','maria.m@example.com','890-123-4567','Washington','DC'
19,'David Davis','david.d@example.com','901-234-5678','Boston','MA'
20,'Linda Rodriguez','linda.r@example.com','012-345-6789','El Paso','TX'
21,'Richard Wilson','richard.w@example.com','123-456-7890','Nashville','TN'
22,'Jennifer Anderson','jennifer.a@example.com','234-567-8901','Detroit','MI'
23,'Joseph Thomas','joseph.t@example.com','345-678-9012','Portland','OR'
24,'Susan Taylor','susan.t@example.com','456-789-0123','Memphis','TN'
25,'Thomas Moore','thomas.m@example.com','567-890-1234','Oklahoma City','OK'
26,'Barbara Jackson','barbara.j@example.com','678-901-2345','Las Vegas','NV'
27,'Charles Martin','charles.m@example.com','789-012-3456','Louisville','KY'
28,'Jessica Lee','jessica.l@example.com','890-123-4567','Baltimore','MD'
29,'Christopher Perez','christopher.p@example.com','901-234-5678','Milwaukee','WI'
30,'Sarah Thompson','sarah.t@example.com','012-345-6789','Albuquerque','NM'
31,'Daniel White','daniel.w@example.com','123-456-7890','Tucson','AZ'
32,'Karen Harris','karen.h@example.com','234-567-8901','Fresno','CA'
33,'Matthew Clark','matthew.c@example.com','345-678-9012','Sacramento','CA'
34,'Nancy Lewis','nancy.l@example.com','456-789-0123','Kansas City','MO'
35,'Anthony Robinson','anthony.r@example.com','567-890-1234','Atlanta','GA'
36,'Lisa Walker','lisa.w@example.com','678-901-2345','Miami','FL'
37,'Mark Young','mark.y@example.com','789-012-3456','Raleigh','NC'
38,'Betty Allen','betty.a@example.com','890-123-4567','Omaha','NE'
39,'Donald King','donald.k@example.com','901-234-5678','Minneapolis','MN'
40,'Sandra Wright','sandra.w@example.com','012-345-6789','Tulsa','OK'
41,'Paul Scott','paul.s@example.com','123-456-7890','Cleveland','OH'
42,'Emily Green','emily.g@example.com','234-567-8901','Wichita','KS'
43,'George Adams','george.a@example.com','345-678-9012','Arlington','TX'
44,'Donna Baker','donna.b@example.com','456-789-0123','New Orleans','LA'
45,'Kevin Gonzalez','kevin.g@example.com','567-890-1234','Bakersfield','CA'
46,'Michelle Nelson','michelle.n@example.com','678-901-2345','Tampa','FL'
47,'Edward Carter','edward.c@example.com','789-012-3456','Honolulu','HI'
48,'Amanda Mitchell','amanda.m@example.com','890-123-4567','Anaheim','CA'
49,'Brian Perez','brian.p@example.com','901-234-5678','Aurora','CO'